last_name, first_name,player_id,display_team_name,year,primary_pos_formatted,fielding_runs_prevented,outs_above_average,outs_above_average_infront,outs_above_average_lateral_toward3bline,outs_above_average_lateral_toward1bline,outs_above_average_behind,outs_above_average_rhh,outs_above_average_lhh,actual_success_rate_formatted,adj_estimated_success_rate_formatted,diff_success_rate_formatted
Abreu, José,547989,White Sox,,1B,-2,-3,-8,8,-4,2,-9,6,74%,75%,-1%
Ackley, Dustin,554429,Yankees,,1B,2,3,0,1,1,0,1,2,76%,70%,6%
Acuña Jr., Ronald,660670,Braves,,CF,3,4,2,-1,2,0,0,4,89%,88%,1%
Adames, Cristhian,542436,---,,SS,0,0,0,-2,0,2,1,-1,71%,70%,1%
Adames, Willy,642715,Rays,,SS,-1,-1,7,-8,-2,2,-2,1,76%,76%,0%
Adams, Lane,572669,Braves,,LF,0,0,0,1,-1,0,0,0,82%,82%,0%
Adams, Matt,571431,---,,1B,-6,-7,-2,-7,5,-2,0,-6,75%,76%,-1%
Adduci, Jim,451192,---,,1B,-2,-3,1,-4,1,0,-2,-1,73%,75%,-2%
Adell, Jo,666176,Angels,,RF,-3,-4,-1,-2,1,-1,-1,-3,83%,87%,-4%
Adrianza, Ehire,501303,---,,SS,2,4,8,-10,5,0,0,4,73%,72%,1%
Aguilar, Jesús,542583,---,,1B,0,0,4,-3,2,-3,0,0,70%,70%,0%
Ahmed, Nick,605113,D-backs,,SS,63,84,26,7,45,5,61,22,79%,75%,4%
Akiyama, Shogo,673451,Reds,,LF,1,1,0,1,-1,0,1,0,91%,90%,1%
Alberto, Hanser,593643,---,,2B,6,9,6,-8,8,2,3,5,77%,75%,2%
Albies, Ozzie,645277,Braves,,2B,14,18,8,-18,27,2,8,10,75%,74%,1%
Alcántara, Arismendy,570489,---,,2B,1,2,1,3,-2,0,3,-1,87%,85%,2%
Alcántara, Sergio,642727,Tigers,,3B,-1,-2,0,0,-1,0,-2,0,48%,56%,-8%
Alford, Anthony,546990,---,,LF,0,0,-1,0,1,0,1,0,89%,88%,1%
Allen, Greg,656185,---,,CF,7,8,3,0,2,2,6,2,90%,88%,2%
Almonte, Abraham,501659,---,,CF,-1,-1,-1,0,1,-1,-2,1,87%,87%,0%
Almora Jr., Albert,546991,---,,CF,13,15,6,7,6,-4,8,7,90%,88%,2%
Alonso, Pete,624413,Mets,,1B,-7,-10,-1,-5,-1,-2,-4,-6,71%,73%,-2%
Alonso, Yonder,475174,---,,1B,-7,-10,0,-10,1,-1,-4,-6,73%,74%,-1%
Altherr, Aaron,571437,---,,RF,5,6,1,1,0,4,3,2,89%,88%,1%
Altuve, Jose,514888,Astros,,2B,2,2,10,-3,-4,-1,6,-3,77%,77%,0%
Alvarez, Eddy,657193,Marlins,,2B,0,-1,-1,0,0,0,-1,0,79%,80%,-1%
Alvarez, Yordan,670541,Astros,,LF,-2,-2,-1,0,-1,-1,-2,-1,77%,94%,-17%
Amarista, Alexi,506560,---,,2B,-4,-5,1,-3,-4,2,-5,0,71%,73%,-2%
Anderson, Brian,605119,Marlins,,3B,-4,-4,1,-3,1,-4,4,-8,73%,74%,-1%
Anderson, Tim,641313,White Sox,,SS,4,5,-9,-2,11,6,1,4,75%,74%,1%
Andino, Robert,435180,Marlins,,2B,0,0,0,0,0,0,0,0,67%,65%,2%
Andreoli, John,607430,---,,LF,2,3,1,2,-1,1,2,1,90%,84%,6%
Andrus, Elvis,462101,---,,SS,3,4,27,-19,-6,2,-8,12,74%,74%,0%
Andújar, Miguel,609280,Yankees,,3B,-14,-18,-7,-10,-1,0,-15,-3,61%,65%,-4%
Aoki, Norichika,493114,---,,LF,-6,-6,0,-5,-2,1,-3,-3,84%,86%,-2%
Apostel, Sherten,665947,Rangers,,1B,-2,-3,-2,-1,-1,0,-2,-1,55%,71%,-16%
Aquino, Aristides,606157,Reds,,RF,3,4,1,4,-2,1,3,1,90%,87%,3%
Araúz, Jonathan,660620,Red Sox,,2B,-2,-3,0,-3,0,0,0,-3,67%,72%,-5%
Arcia, Orlando,606115,Brewers,,SS,15,20,9,-9,14,6,9,11,76%,75%,1%
Arcia, Oswaldo,542455,---,,RF,-6,-7,-2,-1,-2,-1,-6,-1,83%,88%,-5%
Arenado, Nolan,571448,---,,3B,45,61,13,4,39,5,60,1,71%,68%,3%
Arozarena, Randy,668227,---,,LF,1,1,0,0,0,0,2,-1,85%,85%,0%
Arraez, Luis,650333,Twins,,2B,-14,-17,-2,-14,-1,0,-4,-13,73%,77%,-4%
Arroyo, Christian,624414,---,,2B,-3,-3,-4,-1,1,1,-5,1,73%,74%,-1%
Arteaga, Humberto,600858,Royals,,SS,-2,-3,-1,-1,-1,0,-3,0,67%,70%,-3%
Asche, Cody,605125,---,,LF,-4,-5,-1,-3,-1,0,-2,-3,85%,89%,-4%
Astudillo, Willians,553902,Twins,,3B,-1,-2,-2,1,0,-1,-1,-1,69%,70%,-1%
Asuaje, Carlos,641319,Padres,,2B,-3,-4,1,-4,0,0,-6,2,78%,79%,-1%
Austin, Tyler,592122,---,,1B,-4,-5,1,-5,-3,1,-2,-3,69%,71%,-2%
Avelino, Abiatal,623214,Giants,,SS,0,0,1,-1,0,0,0,0,74%,75%,-1%
Avila, Alex,488671,---,,1B,-1,-1,0,-1,0,-1,-1,0,75%,81%,-6%
Aviles, Mike,449107,---,,SS,-2,-3,0,-2,0,0,-6,3,73%,74%,-1%
Aybar, Erick,430947,---,,SS,-13,-18,-10,-4,-3,-1,-12,-5,73%,75%,-2%
Baddoo, Akil,668731,Tigers,,LF,0,0,0,0,0,0,0,1,88%,87%,1%
Bader, Harrison,664056,Cardinals,,CF,33,36,12,17,5,2,21,16,93%,87%,6%
Barnes, Austin,605131,Dodgers,,2B,1,1,1,0,0,0,0,1,87%,85%,2%
Barnes, Brandon,488681,---,,LF,2,2,1,1,-1,2,0,2,91%,87%,4%
Barney, Darwin,446381,Blue Jays,,2B,3,4,3,-4,5,1,0,4,73%,72%,1%
Barnhart, Tucker,571466,Reds,,1B,-1,-2,0,-2,-1,0,0,-2,63%,75%,-12%
Barreto, Franklin,620439,---,,2B,-6,-8,-8,-3,2,1,-7,-1,78%,81%,-3%
Basabe, Luis Alexander,642772,Giants,,RF,1,1,0,0,1,0,1,0,92%,84%,8%
Bauers, Jake,641343,---,,1B,-10,-12,-4,-9,1,0,-9,-3,72%,76%,-4%
Bautista, José,430832,---,,RF,-16,-18,-2,-6,-6,-4,-9,-9,81%,84%,-3%
Bautista, Rafael,622441,Nationals,,RF,0,1,0,0,0,0,1,0,94%,90%,4%
Beaty, Matt,607461,Dodgers,,1B,-7,-9,-1,-5,-1,-1,-3,-5,72%,77%,-5%
Beckham, Gordon,493596,---,,2B,-2,-3,5,-8,0,0,-3,1,72%,73%,-1%
Beckham, Tim,542921,---,,SS,-19,-25,-5,-24,3,0,-15,-10,74%,76%,-2%
Bell, Josh,605137,---,,1B,-11,-15,3,-15,-2,-1,-8,-6,71%,73%,-2%
Bellinger, Cody,641355,Dodgers,,CF,20,22,3,6,12,0,13,9,87%,85%,2%
Belt, Brandon,474832,Giants,,1B,13,19,13,-3,3,5,12,7,77%,76%,1%
Beltrán, Carlos,136860,---,,RF,-2,-2,1,-1,-1,0,0,-2,82%,83%,-1%
Beltré, Adrián,134181,Rangers,,3B,14,19,8,3,7,1,16,3,76%,74%,2%
Benintendi, Andrew,643217,---,,LF,-15,-17,1,-5,-7,-6,-11,-6,84%,86%,-2%
Beresford, James,503437,Twins,,1B,1,1,1,0,0,0,0,1,70%,65%,5%
Berti, Jon,542932,---,,3B,-4,-4,-1,-4,0,1,-6,1,75%,76%,-1%
Bethancourt, Christian,542194,Padres,,LF,0,0,0,0,0,0,1,0,82%,81%,1%
Betts, Mookie,605141,---,,RF,50,55,14,12,18,11,50,5,90%,87%,3%
Bichette, Bo,666182,Blue Jays,,SS,-7,-9,-8,-3,1,0,-6,-4,78%,80%,-2%
Biggio, Cavan,624415,Blue Jays,,2B,-5,-7,-1,-7,2,0,-11,4,76%,78%,-2%
Bird, Greg,595885,Yankees,,1B,0,0,1,-2,1,0,-3,3,79%,79%,0%
Bishop, Braden,623323,Mariners,,CF,1,1,0,0,1,0,0,1,91%,90%,1%
Blackmon, Charlie,453568,Rockies,,CF,-21,-24,-1,-3,-15,-5,-14,-10,85%,87%,-2%
Blanco, Andr�s,433217,Phillies,,2B,-4,-6,-2,-2,3,-4,-7,1,75%,78%,-3%
Blanco, Grégor,453923,---,,LF,-1,-1,0,-1,-2,1,3,-5,86%,86%,0%
Blandino, Alex,607468,Reds,,2B,3,4,3,-2,2,1,3,1,79%,77%,2%
Blash, Jabari,518466,---,,RF,-2,-3,1,-1,-1,-1,-1,-2,85%,87%,-2%
Bogaerts, Xander,593428,Red Sox,,SS,-30,-40,0,-36,-6,3,-37,-3,73%,74%,-1%
Bohm, Alec,664761,Phillies,,3B,-2,-3,-2,-1,-1,0,-3,1,70%,72%,-2%
Bolt, Skye,621450,---,,CF,-1,-1,-1,0,0,0,-1,0,80%,86%,-6%
Bonifacio, Jorge,593528,---,,RF,-6,-7,-1,-5,-2,1,-2,-5,85%,86%,-1%
Bonifácio, Emilio,466988,---,,LF,-1,-2,0,-1,0,0,-1,0,81%,85%,-4%
Borbon, Julio,474865,Orioles,,LF,-1,-1,0,0,-1,0,0,-1,73%,81%,-8%
Bostick, Christopher,607471,---,,2B,0,0,-1,0,0,0,-1,0,75%,77%,-2%
Bote, David,623520,Cubs,,3B,2,2,3,-2,0,1,3,-1,72%,72%,0%
Bour, Justin,571506,---,,1B,-3,-4,-2,-6,3,0,3,-8,74%,74%,0%
Bourjos, Peter,488721,---,,RF,13,14,3,5,4,2,9,5,91%,87%,4%
Bourn, Michael,456422,---,,CF,1,2,0,-1,4,-1,1,1,89%,88%,1%
Bradley Jr., Jackie,598265,---,,CF,44,49,10,21,20,-1,29,20,90%,87%,3%
Brantley, Michael,488726,---,,LF,-8,-9,4,-3,-8,-1,-6,-2,84%,85%,-1%
Braun, Ryan,460075,Brewers,,LF,-19,-21,5,-11,-12,-4,-17,-4,83%,85%,-2%
Bregman, Alex,608324,Astros,,3B,7,9,3,-4,8,2,5,5,71%,71%,0%
Brentz, Bryce,518490,Red Sox,,LF,0,0,0,0,0,0,-1,1,82%,81%,1%
Brignac, Reid,458582,Braves,,3B,-1,-2,-1,-1,0,0,-2,0,79%,88%,-9%
Brinson, Lewis,621446,---,,CF,3,3,0,1,-1,3,-2,5,90%,89%,1%
Brito, Socrates,593647,---,,RF,3,3,1,-1,2,1,3,1,88%,84%,4%
Brosseau, Mike,670712,Rays,,2B,1,1,1,1,-1,1,1,0,77%,76%,1%
Brown, Seth,664913,Athletics,,LF,2,2,0,0,1,1,1,1,87%,84%,3%
Broxton, Keon,542979,---,,CF,29,32,2,11,15,4,19,14,92%,87%,5%
Bruce, Jay,457803,---,,RF,-9,-11,3,-1,-7,-6,-1,-10,84%,85%,-1%
Brugman, Jaycob,595144,Athletics,,CF,-4,-4,1,-4,0,-1,-2,-2,80%,84%,-4%
Bryant, Kris,592178,Cubs,,3B,2,2,-5,0,5,2,0,3,75%,75%,0%
Burns, Billy,542993,---,,CF,1,1,-1,1,1,-1,2,-2,88%,88%,0%
Burriss, Emmanuel,502034,Phillies,,2B,0,0,0,0,-1,0,-1,0,53%,57%,-4%
Buss, Nick,502544,Angels,,LF,-1,-1,0,0,-1,0,-1,0,88%,91%,-3%
Butera, Drew,460077,---,,1B,1,1,0,1,0,0,0,0,77%,71%,6%
Butler, Billy,456714,---,,1B,-3,-4,0,-3,-2,0,-3,-1,56%,68%,-12%
Buxton, Byron,621439,Twins,,CF,49,54,4,23,21,5,34,20,93%,89%,4%
Byrd, Marlon,407781,Indians,,RF,-2,-2,0,-1,0,-1,-2,0,81%,85%,-4%
Báez, Javier,595879,Cubs,,SS,40,53,16,-4,34,7,35,19,78%,76%,2%
Cabrera, Asdrúbal,452678,---,,SS,-2,-3,6,-15,7,-1,1,-4,71%,71%,0%
Cabrera, Melky,466320,---,,LF,-34,-38,-3,-11,-18,-8,-17,-21,79%,84%,-5%
Cabrera, Miguel,408234,Tigers,,1B,-1,-1,-1,-7,8,-2,-1,-1,73%,73%,0%
Cain, Lorenzo,456715,---,,CF,53,59,4,24,22,8,40,19,91%,87%,4%
Calhoun, Kole,594777,---,,RF,-11,-12,-1,-8,0,-4,1,-13,86%,87%,-1%
Calhoun, Willie,641432,Rangers,,LF,-10,-11,-3,-5,-2,-1,-7,-4,82%,87%,-5%
Calixte, Orlando,593525,Giants,,LF,-1,-1,0,0,-1,0,-1,0,81%,86%,-5%
Camargo, Johan,622666,Braves,,3B,7,9,10,-10,10,-1,3,7,74%,72%,2%
Cameron, Daz,663662,Tigers,,RF,1,1,0,0,0,1,1,0,90%,87%,3%
Campbell, Eric,493472,Mets,,1B,0,1,0,0,1,0,0,1,71%,70%,1%
Candelario, Jeimer,600869,---,,3B,0,0,2,-5,4,0,7,-7,68%,68%,0%
Canha, Mark,592192,Athletics,,CF,-2,-3,-4,-3,1,3,2,-5,87%,87%,0%
Canó, Robinson,429664,---,,2B,11,14,8,4,5,-3,4,11,75%,74%,1%
Caratini, Victor,605170,Cubs,,1B,1,1,1,-1,1,0,2,-1,69%,68%,1%
Cardullo, Stephen,506924,Rockies,,1B,0,0,1,-1,0,0,0,0,85%,86%,-1%
Carlson, Dylan,666185,Cardinals,,CF,-2,-2,0,0,-1,0,-2,0,89%,91%,-2%
Carpenter, Matt,572761,Cardinals,,3B,-4,-5,9,-18,4,0,0,-6,73%,73%,0%
Carrera, Ezequiel,485567,Blue Jays,,LF,-7,-8,-1,-3,-4,-1,-5,-3,86%,89%,-3%
Carter, Chris,474892,---,,1B,7,9,5,-1,5,0,0,9,74%,72%,2%
Casali, Curt,592200,Reds,,1B,0,0,-1,1,0,0,0,0,67%,68%,-1%
Castellanos, Nick,592206,---,,RF,-48,-56,-5,-26,-25,0,-37,-19,75%,79%,-4%
Castro, Daniel,593495,---,,2B,-1,-1,0,-1,-1,1,0,-1,73%,73%,0%
Castro, Harold,605612,Tigers,,2B,-5,-6,1,-6,-1,-1,-1,-5,79%,81%,-2%
Castro, Starlin,516770,---,,2B,20,27,16,-10,9,13,16,10,78%,77%,1%
Castro, Willi,650489,Tigers,,SS,-6,-8,-4,-5,2,-1,-7,-1,71%,73%,-2%
Cave, Jake,595909,Twins,,CF,1,1,2,-2,2,-1,4,-3,88%,88%,0%
Cecchini, Gavin,608325,Mets,,2B,-1,-1,0,0,-1,-1,0,-1,64%,66%,-2%
Ceciliani, Darrell,571553,Blue Jays,,LF,0,0,0,0,0,0,0,0,81%,84%,-3%
Cervelli, Francisco,465041,---,,1B,-2,-3,-2,0,-1,-1,-3,0,46%,69%,-23%
Chang, Yu,644374,Indians,,3B,4,5,3,2,0,0,4,1,73%,68%,5%
Chapman, Matt,656305,Athletics,,3B,34,45,27,0,16,2,38,7,75%,72%,3%
Chavis, Michael,656308,Red Sox,,1B,0,1,1,0,1,-2,-2,3,76%,75%,1%
Chisenhall, Lonnie,502082,Indians,,RF,-4,-5,3,-2,-3,-2,-6,1,86%,87%,-1%
Chisholm Jr., Jazz,665862,Marlins,,2B,0,0,2,-3,1,0,-1,1,77%,76%,1%
Choi, Ji-Man,596847,---,,1B,-8,-10,-3,-9,2,0,-2,-8,71%,74%,-3%
Choo, Shin-Soo,425783,Rangers,,RF,-27,-30,-4,-8,-14,-5,-11,-18,83%,87%,-4%
Coats, Jason,605183,White Sox,,RF,1,1,2,0,0,-1,2,-1,94%,88%,6%
Coghlan, Chris,458085,---,,3B,-7,-9,0,-6,-1,-2,-5,-4,72%,76%,-4%
Colabello, Chris,499624,Blue Jays,,1B,0,0,0,0,0,0,0,0,83%,79%,4%
Coleman, Dusty,543038,Padres,,SS,1,1,-2,1,1,0,-1,1,79%,78%,1%
Collins, Tyler,607385,Tigers,,CF,-6,-6,-2,-3,-1,0,-6,0,83%,87%,-4%
Colón, Christian,518568,---,,2B,6,9,3,3,2,0,3,5,81%,77%,4%
Conforto, Michael,624424,Mets,,RF,9,10,9,2,0,-1,-1,12,87%,86%,1%
Contreras, Willson,575929,Cubs,,LF,-1,-1,0,0,0,0,-1,1,75%,77%,-2%
Cooper, Garrett,643265,---,,1B,-1,-1,4,-2,-2,0,0,-1,80%,80%,0%
Cordell, Ryan,641477,---,,RF,7,7,1,2,5,0,7,0,88%,84%,4%
Cordero, Franchy,614173,---,,LF,2,2,0,-1,3,0,2,1,83%,82%,1%
Correa, Carlos,621043,Astros,,SS,9,12,15,-6,3,0,17,-5,79%,79%,0%
Court, Ryan,606956,Mariners,,LF,0,0,0,0,0,-1,1,-1,78%,76%,2%
Cowart, Kaleb,592230,Angels,,2B,-4,-5,0,-4,1,-2,-3,-2,74%,76%,-2%
Cowgill, Collin,518577,Indians,,RF,0,0,0,0,0,0,0,0,91%,89%,2%
Cozart, Zack,446359,---,,SS,-15,-21,-11,-11,1,0,-16,-4,74%,76%,-2%
Cozens, Dylan,622226,Phillies,,LF,0,0,0,0,0,0,0,0,94%,91%,3%
Crawford, Brandon,543063,Giants,,SS,21,28,19,-6,12,3,22,6,75%,74%,1%
Crawford, Carl,408307,Dodgers,,LF,-2,-2,0,0,-2,-1,-2,0,78%,84%,-6%
Crawford, J.P.,641487,---,,SS,7,10,10,-2,5,-3,9,0,78%,77%,1%
Crisp, Coco,424825,---,,LF,-1,-1,-1,2,-1,0,1,-2,84%,84%,0%
Cron, C.J.,543068,---,,1B,7,9,5,1,2,1,8,1,72%,71%,1%
Cron, Kevin,605196,D-backs,,1B,0,-1,-1,0,0,0,-1,0,57%,62%,-5%
Cronenworth, Jake,630105,Padres,,2B,7,10,2,4,2,2,2,8,78%,74%,4%
Cruz, Nelson,443558,Mariners,,RF,-2,-2,0,-1,1,-1,-1,-1,81%,83%,-2%
Cuevas, Noel,571595,Rockies,,RF,-1,-1,0,0,-1,-1,0,-1,87%,90%,-3%
Culberson, Charlie,518586,---,,SS,-4,-4,0,-2,-4,1,-6,2,74%,75%,-1%
Cunningham, Todd,592239,Angels,,LF,0,0,0,0,0,0,0,0,90%,90%,0%
Cuthbert, Cheslor,596144,---,,3B,-11,-14,2,-7,-8,-1,-12,-3,69%,71%,-2%
Céspedes, Yoenis,493316,Mets,,LF,-21,-23,-3,-7,-12,-1,-10,-14,81%,85%,-4%
Córdoba, Allen,642707,Padres,,SS,-3,-5,-3,0,-2,0,-4,0,76%,80%,-4%
Dahl, David,621311,---,,LF,-3,-3,1,-2,-2,0,-2,-2,85%,85%,0%
Dalbec, Bobby,666915,Red Sox,,1B,-2,-3,-1,-2,0,0,-2,-1,72%,75%,-3%
Davidson, Matt,571602,---,,3B,-3,-4,-1,-5,2,0,-2,-2,71%,72%,-1%
Davis, Chris,448801,Orioles,,1B,-5,-7,-2,-5,2,-2,-13,6,71%,72%,-1%
Davis, Ike,477195,Yankees,,1B,0,0,0,-1,0,0,0,0,67%,68%,-1%
Davis, J.D.,605204,---,,3B,-15,-18,-9,-5,-5,1,-10,-8,68%,72%,-4%
Davis, Jaylin,664041,Giants,,RF,-2,-3,0,0,0,-3,-2,0,80%,86%,-6%
Davis, Jonathan,641505,Blue Jays,,CF,3,3,0,2,1,-1,1,2,91%,89%,2%
Davis, Khris,501981,Athletics,,LF,1,1,-1,2,2,-3,-5,5,88%,88%,0%
Davis, Rajai,434658,---,,CF,-2,-2,0,1,-1,-2,-3,0,88%,89%,-1%
Daza, Yonathan,602074,Rockies,,CF,3,3,-1,1,3,0,2,1,93%,90%,3%
De Aza, Alejandro,457477,---,,CF,2,2,1,0,0,0,0,2,89%,88%,1%
De Jesús Jr., Iván,474443,Reds,,SS,-1,-2,1,-3,0,0,-2,0,73%,74%,-1%
DeJong, Paul,657557,Cardinals,,SS,-10,-13,1,-21,3,5,-12,-2,77%,78%,-1%
DeShields, Delino,592261,---,,CF,24,27,1,10,8,8,20,7,89%,87%,2%
Dean, Austin,621573,---,,LF,-9,-10,-1,-3,-2,-4,-5,-5,81%,87%,-6%
Decker, Jaff,543094,---,,CF,2,2,0,1,0,0,1,1,91%,88%,3%
Delmonico, Nicky,547170,White Sox,,LF,-5,-7,0,-2,-5,1,1,-8,83%,86%,-3%
Demeritte, Travis,641513,Tigers,,RF,-4,-5,2,-5,-3,0,-3,-1,83%,86%,-3%
Descalso, Daniel,518614,---,,2B,-19,-25,1,-19,-3,-3,-18,-6,72%,75%,-3%
Desmond, Ian,435622,---,,CF,-10,-13,1,-9,-4,0,-16,3,81%,82%,-1%
Devers, Rafael,646240,Red Sox,,3B,-7,-10,-5,-16,9,1,-10,0,67%,68%,-1%
Dickerson, Alex,543105,---,,LF,-9,-10,-1,-5,-3,-2,-5,-5,83%,87%,-4%
Dickerson, Corey,572816,---,,LF,2,2,4,-2,3,-3,-6,8,87%,87%,0%
Dietrich, Derek,518618,---,,2B,-26,-32,5,-24,-8,-5,-24,-7,72%,75%,-3%
Difo, Wilmer,594694,---,,2B,9,12,1,-2,14,-1,9,3,77%,76%,1%
Dixon, Brandon,641525,---,,1B,1,1,1,0,-1,1,0,2,78%,78%,0%
Dominguez, Matt,518625,Blue Jays,,3B,0,0,0,0,0,0,0,0,82%,80%,2%
Donaldson, Josh,518626,---,,3B,10,13,10,-1,4,0,16,-3,70%,69%,1%
Dozier, Brian,572821,---,,2B,0,-1,-4,-1,7,-3,-11,10,74%,74%,0%
Dozier, Hunter,641531,Royals,,3B,-18,-23,-6,-4,-14,1,-13,-10,70%,73%,-3%
Drew, Stephen,452220,Nationals,,SS,-2,-2,-2,-3,2,0,0,-2,70%,71%,-1%
Drury, Brandon,592273,---,,2B,-5,-5,4,-10,1,0,-4,0,74%,74%,0%
Dubón, Mauricio,643289,Giants,,2B,7,9,0,5,5,0,2,7,88%,85%,3%
Duda, Lucas,446263,---,,1B,-7,-10,-1,-7,0,-1,-8,-2,70%,72%,-2%
Duffy, Matt,622110,---,,3B,2,3,4,-7,4,2,1,2,74%,73%,1%
Duggar, Steven,621453,Giants,,CF,8,9,1,4,3,1,7,3,92%,89%,3%
Duvall, Adam,594807,---,,LF,21,24,8,8,9,-2,8,16,88%,86%,2%
Dyson, Jarrod,502481,---,,CF,23,25,2,13,9,2,15,10,92%,89%,3%
Díaz, Aledmys,649557,---,,SS,-11,-15,11,-20,-8,3,-8,-7,71%,72%,-1%
Díaz, Isan,656371,Marlins,,2B,-5,-7,-3,-1,-2,0,-4,-2,73%,76%,-3%
Díaz, Lewin,650331,Marlins,,1B,1,1,1,1,-1,0,1,1,85%,79%,6%
Díaz, Yandy,650490,---,,3B,-4,-5,-2,-4,2,0,-4,-1,72%,74%,-2%
Eaton, Adam,594809,---,,RF,10,11,5,1,-3,8,12,-2,87%,86%,1%
Edman, Tommy,669242,Cardinals,,3B,14,18,4,3,6,5,8,10,79%,76%,3%
Eibner, Brett,518649,---,,CF,4,4,0,1,1,3,3,1,93%,90%,3%
Ellsbury, Jacoby,453056,Yankees,,CF,5,5,0,3,3,0,1,4,90%,89%,1%
Elmore, Jake,518653,---,,LF,-4,-5,0,-3,-2,0,-5,0,70%,79%,-9%
Encarnación, Edwin,429665,---,,1B,-6,-8,5,-14,1,-1,-3,-5,66%,69%,-3%
Engel, Adam,641553,White Sox,,CF,43,48,5,16,8,19,30,18,93%,87%,6%
Ervin, Phillip,640447,---,,LF,1,1,2,-2,0,1,2,-1,87%,87%,0%
Escobar, Alcides,444876,Royals,,SS,-7,-10,12,-7,-15,0,2,-11,71%,71%,0%
Escobar, Eduardo,500871,---,,3B,-9,-12,-3,-19,10,0,-6,-6,70%,71%,-1%
Escobar, Yunel,488862,Angels,,3B,-10,-14,-4,-1,-8,-1,-11,-3,63%,65%,-2%
Espinal, Santiago,669289,Blue Jays,,SS,3,4,2,0,2,0,3,1,79%,75%,4%
Espinosa, Danny,457787,---,,SS,2,3,0,0,2,1,1,2,78%,78%,0%
Estrada, Thairo,642731,Yankees,,2B,1,1,2,-1,1,-1,-1,2,77%,76%,1%
Ethier, Andre,444843,Dodgers,,LF,-2,-2,0,-2,0,0,-1,-1,81%,89%,-8%
Evans, Phillip,595943,---,,3B,-2,-2,1,-3,0,-1,1,-3,73%,75%,-2%
Farmer, Kyle,571657,---,,2B,6,7,1,5,1,0,3,4,78%,75%,3%
Featherston, Taylor,605227,---,,2B,0,0,0,1,0,-1,-1,1,68%,69%,-1%
Fernandez, Jose Miguel,628336,Angels,,1B,-1,-1,0,0,0,0,1,-1,62%,64%,-2%
Field, Johnny,608654,---,,LF,0,0,1,0,-1,1,0,0,90%,90%,0%
Fielder, Prince,425902,Rangers,,1B,-2,-3,-2,-1,0,0,0,-3,59%,77%,-18%
Figueroa, Cole,502676,Pirates,,2B,0,0,0,0,0,0,0,0,62%,58%,4%
Fisher, Derek,605233,---,,LF,-4,-5,0,-2,0,-3,-3,-2,83%,85%,-2%
Flaherty, Ryan,475247,---,,3B,-1,-1,1,-4,1,1,1,-3,74%,75%,-1%
Fletcher, David,664058,Angels,,2B,16,21,17,1,2,1,12,9,79%,77%,2%
Flores, Ramón,570717,---,,RF,-7,-8,0,-3,-4,-1,-3,-5,82%,87%,-5%
Flores, Wilmer,527038,---,,2B,-12,-16,-5,-10,1,-2,-12,-4,70%,72%,-2%
Florimón, Pedro,465753,---,,SS,0,0,-2,-1,3,0,-1,1,83%,82%,1%
Fontana, Nolan,545337,Angels,,2B,-1,-1,0,-1,1,0,-2,1,72%,75%,-3%
Ford, Mike,645801,Yankees,,1B,-2,-3,1,-3,0,-1,-1,-1,66%,69%,-3%
Forsythe, Logan,523253,---,,2B,-8,-11,-5,-14,4,3,-9,-2,74%,75%,-1%
Fowler, Dexter,451594,---,,CF,-19,-21,-1,-10,-13,3,-12,-8,85%,87%,-2%
Fowler, Dustin,641583,---,,CF,-1,-1,-1,0,1,-1,0,-1,84%,85%,-1%
Fraley, Jake,641584,Mariners,,CF,0,0,0,1,-1,-1,0,0,88%,88%,0%
France, Ty,664034,---,,3B,-4,-5,-3,-2,0,-1,-3,-2,69%,71%,-2%
Franco, Maikel,596748,---,,3B,-18,-24,10,-27,-4,-2,-16,-7,69%,70%,-1%
Francoeur, Jeff,425796,---,,LF,-2,-2,0,-2,0,-1,0,-2,86%,88%,-2%
Franklin, Nick,545338,---,,2B,-4,-4,-1,-2,-2,0,-4,-1,80%,83%,-3%
Frazier, Adam,624428,Pirates,,2B,9,11,-5,-2,14,5,4,7,81%,80%,1%
Frazier, Clint,640449,Yankees,,RF,-17,-19,-3,-7,-6,-3,-11,-8,80%,87%,-7%
Frazier, Todd,453943,---,,3B,13,17,7,-7,17,1,10,7,71%,70%,1%
Freeman, Freddie,518692,Braves,,1B,16,21,15,-9,13,1,9,12,72%,71%,1%
Freeman, Mike,502273,---,,2B,-1,-1,-1,0,2,-1,0,-1,76%,76%,0%
Freese, David,501896,---,,3B,4,5,7,-8,7,0,3,2,71%,70%,1%
Fuentes, Josh,658069,Rockies,,1B,2,2,1,0,1,0,0,3,77%,76%,1%
Fuentes, Rey,571681,---,,CF,-2,-2,-1,0,-2,0,-2,-1,84%,87%,-3%
Gallo, Joey,608336,Rangers,,LF,0,-1,0,0,1,-2,4,-5,82%,82%,0%
Galloway, Isaac,543194,Marlins,,CF,2,3,1,0,0,1,1,2,95%,92%,3%
Galvis, Freddy,520471,---,,SS,26,35,22,-1,12,2,29,7,75%,74%,1%
Gamel, Ben,592325,---,,LF,-8,-9,2,-2,-9,0,-8,-1,87%,88%,-1%
Garcia, Aramis,605244,Giants,,1B,0,0,0,1,0,-1,-1,0,66%,67%,-1%
Garcia, Greg,594824,---,,2B,-4,-6,-3,-2,1,-2,-1,-5,73%,73%,0%
Garcia, Jose,676480,Reds,,SS,0,0,0,1,0,-1,1,0,74%,74%,0%
García, Adolis,666969,---,,CF,2,2,1,1,2,-1,1,1,91%,87%,4%
García, Adonis,611177,Braves,,3B,-9,-12,-9,-1,-1,-1,-9,-3,68%,71%,-3%
García, Avisaíl,541645,---,,RF,8,9,1,4,0,3,8,1,88%,87%,1%
García, Leury,544725,White Sox,,CF,0,-1,-1,2,1,-2,-8,8,83%,83%,0%
García, Luis,671277,Nationals,,2B,-5,-7,-3,-3,-1,0,-5,-2,66%,73%,-7%
García, Robel,596825,---,,2B,0,0,0,0,0,-1,-1,0,80%,80%,0%
García, Willy,591994,White Sox,,CF,-1,-1,-1,1,0,-1,-2,1,80%,81%,-1%
Gardner, Brett,458731,Yankees,,LF,9,10,3,4,3,0,-5,15,88%,87%,1%
Garlick, Kyle,664247,---,,LF,-1,-1,1,0,-2,0,0,-1,85%,87%,-2%
Garver, Mitch,641598,Twins,,1B,0,0,0,-1,0,0,0,0,80%,81%,-1%
Gennett, Scooter,571697,---,,2B,-14,-18,-5,-7,-1,-5,-11,-7,75%,76%,-1%
Gentry, Craig,502226,---,,LF,5,6,2,2,1,1,1,5,93%,90%,3%
Gerber, Mike,595222,---,,CF,-1,-1,0,-1,-1,0,-2,0,88%,93%,-5%
Giavotella, Johnny,543213,---,,2B,1,2,-1,-1,3,1,2,0,73%,73%,0%
Gillaspie, Conor,543216,Giants,,3B,0,0,1,1,0,0,1,-1,73%,72%,1%
Gillespie, Cole,502261,Marlins,,RF,0,0,0,0,0,0,0,0,77%,80%,-3%
Gimenez, Chris,460269,---,,1B,-1,-1,0,0,-2,0,-1,-1,67%,72%,-5%
Giménez, Andrés,665926,---,,SS,6,8,6,0,2,-1,4,4,78%,74%,4%
Goeddel, Tyler,595963,Phillies,,LF,-3,-4,1,-3,0,-2,-3,-1,77%,81%,-4%
Goins, Ryan,572365,---,,SS,2,3,10,-13,6,0,5,-2,76%,75%,1%
Goldschmidt, Paul,502671,---,,1B,10,13,19,-12,4,2,0,14,75%,74%,1%
Gonzalez, Marwin,503556,---,,1B,13,18,7,7,7,-3,0,18,78%,77%,1%
González, Adrián,408236,---,,1B,-1,-2,0,-5,3,1,0,-1,73%,74%,-1%
González, Carlos,471865,---,,RF,0,0,11,5,-9,-7,5,-5,86%,86%,0%
González, Erik,570481,---,,SS,4,5,-3,-1,9,-1,10,-5,76%,75%,1%
Goodrum, Niko,592348,---,,SS,16,21,0,-4,25,0,19,2,79%,77%,2%
Goodwin, Brian,571718,---,,CF,1,1,0,1,-2,2,-2,3,88%,88%,0%
Gordon, Alex,460086,Royals,,LF,3,3,7,-8,2,1,-1,5,88%,88%,0%
Gore, Terrance,605253,---,,LF,5,5,0,1,1,3,1,4,93%,82%,11%
Gose, Anthony,543238,Tigers,,CF,-1,-2,0,-1,0,0,-1,0,85%,88%,-3%
Gosselin, Phil,594838,---,,2B,-1,-1,-1,-2,1,1,-2,1,72%,73%,-1%
Grandal, Yasmani,518735,---,,1B,0,0,1,-1,-1,0,0,-1,76%,77%,-1%
Granderson, Curtis,434158,---,,RF,-7,-8,0,-3,-10,5,-1,-8,85%,86%,-1%
Granite, Zack,643335,Twins,,CF,4,4,1,2,1,1,4,1,93%,88%,5%
Green, Grant,502205,---,,2B,-1,-2,-2,-1,1,0,0,-1,73%,79%,-6%
Gregorius, Didi,544369,---,,SS,-36,-49,-27,-13,-15,6,-37,-12,76%,79%,-3%
Grichuk, Randal,545341,---,,CF,15,17,2,1,5,8,17,0,88%,86%,2%
Grisham, Trent,663757,---,,CF,10,11,2,4,4,0,8,3,93%,90%,3%
Grossman, Robbie,543257,---,,LF,-7,-8,1,0,-8,-1,-11,3,84%,85%,-1%
Guerra, Javy,642770,Padres,,SS,-2,-3,-3,0,0,0,-2,0,72%,83%,-11%
Guerrero Jr., Vladimir,665489,Blue Jays,,3B,-16,-21,-11,-5,-4,-1,-8,-13,65%,70%,-5%
Guillorme, Luis,641645,Mets,,2B,0,0,-1,0,2,-1,-1,1,71%,71%,0%
Gurriel Jr., Lourdes,666971,Blue Jays,,LF,-11,-13,-1,-7,-6,0,-9,-4,78%,81%,-3%
Gurriel, Yuli,493329,Astros,,1B,6,8,4,-9,16,-3,-2,10,75%,74%,1%
Gutierrez, Franklin,429711,---,,RF,-1,-1,-1,-2,0,1,-1,0,80%,81%,-1%
Gutierrez, Kelvin,642721,Royals,,3B,0,0,-1,1,0,0,1,-1,72%,71%,1%
Guyer, Brandon,446386,---,,RF,2,3,2,2,0,-2,1,2,88%,87%,1%
Guzmán, Ronald,608597,Rangers,,1B,1,1,-1,0,1,2,-2,3,78%,78%,0%
Gyorko, Jedd,576397,---,,3B,20,26,12,-11,25,1,24,2,74%,71%,3%
Gómez, Carlos,460576,---,,CF,0,0,7,-1,-2,-4,2,-2,87%,87%,0%
Gómez, Miguel,622497,Giants,,2B,0,1,0,0,0,0,0,1,80%,77%,3%
Haggerty, Sam,664059,---,,LF,-1,-1,1,1,-3,0,-1,0,87%,88%,-1%
Hamilton, Billy,571740,---,,CF,52,57,3,17,32,5,35,23,92%,87%,5%
Hampson, Garrett,641658,Rockies,,2B,3,3,2,-5,0,5,1,1,79%,79%,0%
Haniger, Mitch,571745,---,,RF,-2,-2,0,-5,3,0,-3,1,88%,88%,0%
Hannemann, Jacob,595238,Mariners,,CF,1,1,0,0,1,0,1,0,100%,92%,8%
Hanson, Alen,593700,---,,2B,-6,-7,-5,-2,0,-1,-2,-5,77%,79%,-2%
Happ, Ian,664023,Cubs,,CF,-8,-10,0,-5,-2,-3,-4,-6,82%,84%,-2%
Hardy, J.J.,429666,Orioles,,SS,5,7,10,-8,5,-1,6,1,78%,77%,1%
Harper, Bryce,547180,---,,RF,-19,-21,5,-11,-8,-8,-5,-16,86%,88%,-2%
Harrison, Josh,543281,---,,2B,4,6,-4,-2,7,4,10,-4,76%,76%,0%
Harrison, Monte,656509,Marlins,,CF,0,0,1,0,0,0,1,-1,92%,92%,0%
Haseley, Adam,656514,Phillies,,CF,-1,-1,-1,0,1,-1,1,-2,86%,87%,-1%
Hayes, Ke'Bryan,663647,Pirates,,3B,3,3,1,-1,3,0,3,1,78%,74%,4%
Hays, Austin,669720,Orioles,,CF,1,1,0,0,2,-1,1,0,89%,88%,1%
Hazelbaker, Jeremy,571757,---,,LF,3,3,2,-1,1,1,4,-1,87%,84%,3%
Headley, Chase,452104,---,,3B,4,6,-2,1,6,0,15,-9,70%,69%,1%
Healy, Ryon,592387,---,,3B,-17,-22,-7,-24,12,-3,-14,-8,68%,70%,-2%
Heath, Nick,670084,---,,CF,2,2,0,2,0,0,1,1,96%,89%,7%
Hechavarría, Adeiny,588751,---,,SS,6,8,9,-2,-3,5,2,6,76%,75%,1%
Heineman, Scott,595981,Rangers,,CF,3,3,0,2,0,1,1,2,86%,82%,4%
Heisey, Chris,502317,Nationals,,LF,0,0,1,0,-1,0,1,-1,90%,89%,1%
Heredia, Guillermo,628338,---,,CF,18,20,4,0,14,2,11,9,90%,87%,3%
Hermosillo, Michael,641684,Angels,,CF,2,2,-1,0,1,3,1,2,91%,89%,2%
Hernandez, Cesar,514917,---,,2B,4,5,-5,-15,24,1,8,-3,76%,76%,0%
Hernandez, Yadiel,628450,Nationals,,RF,0,0,0,0,0,0,0,0,93%,92%,1%
Hernández, Enrique,571771,---,,2B,2,1,4,4,-5,-1,-1,2,81%,81%,0%
Hernández, Gorkys,491676,---,,CF,8,9,-2,6,0,6,7,3,88%,87%,1%
Hernández, Marco,593523,Red Sox,,2B,-6,-9,-1,-6,-2,0,-2,-6,74%,78%,-4%
Hernández, Teoscar,606192,---,,LF,-19,-21,1,-10,-9,-3,-18,-3,85%,88%,-3%
Herrera, Dilson,599096,---,,2B,-2,-2,0,-1,0,-2,0,-1,78%,82%,-4%
Herrera, Odúbel,546318,Phillies,,CF,15,17,-2,16,5,-2,6,11,89%,88%,1%
Herrera, Rosell,594011,---,,RF,-1,-1,-1,-1,-2,3,-2,1,83%,83%,0%
Herrmann, Chris,543302,D-backs,,LF,-2,-3,0,-3,0,0,-1,-1,79%,84%,-5%
Heyward, Jason,518792,Cubs,,RF,34,38,9,20,6,3,29,10,90%,87%,3%
Hicks, Aaron,543305,Yankees,,CF,-5,-6,-2,-4,2,-2,-1,-5,89%,89%,0%
Hicks, John,543308,Tigers,,1B,-1,-1,2,-5,1,0,-2,1,71%,71%,0%
Hill, Aaron,431094,---,,3B,-2,-3,2,-5,2,-3,-4,1,73%,74%,-1%
Hill, Derek,656537,Tigers,,CF,0,0,0,0,0,0,0,0,90%,86%,4%
Hilliard, Sam,656541,Rockies,,CF,0,0,1,-1,-1,1,1,-2,89%,89%,0%
Hiura, Keston,669374,Brewers,,2B,-8,-11,-9,-4,0,3,-4,-7,72%,74%,-2%
Hoerner, Nico,663538,Cubs,,SS,6,8,5,-1,4,0,3,5,74%,71%,3%
Holliday, Matt,407812,---,,LF,-7,-8,0,-3,-4,-1,-8,0,75%,79%,-4%
Holt, Brock,571788,---,,2B,-3,-2,3,-9,6,-3,-1,-1,78%,78%,0%
Holt, Tyler,534627,Reds,,CF,-2,-2,-1,0,0,-1,-1,-1,81%,83%,-2%
Hoskins, Rhys,656555,Phillies,,1B,-20,-22,-3,-10,-4,-5,-14,-8,74%,76%,-2%
Hosmer, Eric,543333,---,,1B,-23,-31,6,-26,-11,0,-8,-23,73%,75%,-2%
Howard, Ryan,429667,Phillies,,1B,-6,-8,-5,-3,0,0,-2,-6,73%,78%,-5%
Hoying, Jared,592419,Rangers,,CF,-1,-1,-1,0,-1,0,0,-1,86%,88%,-2%
Hunter, Cedric,501986,Phillies,,LF,-1,-1,0,0,0,-1,-1,0,82%,88%,-6%
Hwang, Jae-Gyun,666561,Giants,,3B,1,1,0,1,0,0,1,0,78%,76%,2%
Iglesias, José,578428,---,,SS,13,18,19,-27,19,7,14,4,75%,74%,1%
Inciarte, Ender,542255,Braves,,CF,58,64,5,19,42,-2,41,23,91%,87%,4%
India, Jonathan,663697,Reds,,2B,-2,-3,1,-4,0,0,-1,-2,74%,78%,-4%
Infante, Omar,408299,Royals,,2B,-1,-1,1,-4,1,0,0,-2,71%,72%,-1%
Iribarren, Hernan,454975,Reds,,CF,0,0,0,0,0,0,0,0,88%,87%,1%
Isbel, Kyle,664728,Royals,,RF,0,0,0,0,0,0,0,0,90%,87%,3%
Jackson, Austin,457706,---,,CF,-4,-4,-1,-2,-1,0,-5,1,85%,86%,-1%
Janish, Paul,457926,Orioles,,SS,-1,-1,-1,0,0,0,1,-2,69%,71%,-2%
Jankowski, Travis,608671,---,,CF,16,18,4,5,6,2,13,6,94%,90%,4%
Jaso, John,444379,Pirates,,1B,-4,-5,2,-4,-1,-2,1,-6,73%,75%,-2%
Jay, Jon,445055,---,,CF,-18,-20,-1,-6,-8,-5,-10,-10,84%,87%,-3%
Jennings, Desmond,457775,Rays,,CF,6,6,1,1,2,2,4,2,94%,89%,5%
Jensen, Kyle,571812,D-backs,,LF,0,1,0,0,0,0,0,0,93%,89%,4%
Jiménez, Eloy,650391,White Sox,,LF,-12,-14,-4,-7,-2,-2,-5,-9,83%,87%,-4%
Johnson, Chris,453400,Marlins,,1B,0,0,1,-3,2,0,1,-1,76%,76%,0%
Johnson, Kelly,430637,---,,2B,-4,-5,-1,-6,2,0,-3,-2,76%,78%,-2%
Johnson, Sherman,582473,Angels,,2B,0,0,0,0,0,-1,0,0,77%,78%,-1%
Jones, Adam,430945,---,,CF,-20,-23,-3,-12,-9,1,-11,-11,85%,87%,-2%
Jones, JaCoby,592444,Tigers,,CF,9,10,1,5,5,-1,7,3,89%,88%,1%
Jones, Ryder,624507,Giants,,1B,1,1,3,-3,1,0,2,-1,70%,69%,1%
Joseph, Corban,543377,---,,2B,-3,-4,-1,-1,-2,0,-1,-3,67%,77%,-10%
Joseph, Tommy,571830,Phillies,,1B,-7,-9,1,-7,-3,0,0,-9,70%,72%,-2%
Joyce, Matt,459964,---,,RF,-5,-5,1,-1,1,-6,-7,2,85%,85%,0%
Judge, Aaron,592450,Yankees,,RF,16,18,7,3,3,5,17,1,89%,87%,2%
Kang, Jung Ho,628356,Pirates,,3B,0,-1,3,-1,-2,-1,-1,1,68%,68%,0%
Kelly, Don,430603,Marlins,,1B,1,1,0,1,0,0,1,1,80%,74%,6%
Kelly, Ty,571841,---,,2B,0,1,1,-2,1,0,1,0,76%,76%,0%
Kemp, Matt,461314,---,,LF,-43,-47,-4,-17,-17,-9,-27,-20,79%,85%,-6%
Kemp, Tony,643393,---,,LF,8,9,2,0,2,4,5,4,82%,80%,2%
Kendrick, Howie,435062,---,,2B,-3,-2,4,-2,0,-4,-10,8,80%,80%,0%
Kepler, Max,596146,Twins,,RF,36,40,11,15,7,6,29,11,90%,87%,3%
Kieboom, Carter,666198,Nationals,,3B,-4,-5,-5,1,-1,0,-6,0,71%,75%,-4%
Kiermaier, Kevin,595281,Rays,,CF,47,52,9,18,24,1,34,19,94%,90%,4%
Kim, Ha-Seong,673490,Padres,,SS,2,3,0,1,1,1,1,2,88%,83%,5%
Kim, Hyun Soo,547957,---,,LF,-4,-5,-1,-2,-1,-1,-4,-1,80%,82%,-2%
Kiner-Falefa, Isiah,643396,Rangers,,3B,21,27,14,-2,14,1,22,5,78%,74%,4%
Kingery, Scott,664068,Phillies,,SS,-8,-11,0,-11,0,0,-7,-4,76%,78%,-2%
Kinsler, Ian,435079,---,,2B,22,30,15,-5,10,10,11,18,79%,77%,2%
Kipnis, Jason,543401,---,,2B,-15,-20,0,-19,0,-1,-17,-3,77%,78%,-1%
Kirilloff, Alex,666135,Twins,,LF,0,1,-1,1,1,0,1,0,91%,89%,2%
Kivlehan, Patrick,623182,---,,RF,-3,-3,-2,1,0,-2,-2,-1,81%,84%,-3%
Kozma, Pete,518902,---,,SS,2,2,0,0,2,1,2,0,79%,77%,2%
Kramer, Kevin,596012,Pirates,,3B,-2,-2,0,-1,-1,0,-1,-1,77%,84%,-7%
La Stella, Tommy,600303,---,,2B,-8,-11,-6,-9,4,-1,-5,-6,70%,72%,-2%
LaMarre, Ryan,534606,---,,CF,2,2,2,0,1,-1,1,1,88%,86%,2%
Ladendorf, Tyler,502285,Athletics,,2B,1,1,-2,1,2,1,1,1,84%,83%,1%
Lagares, Juan,501571,---,,CF,17,18,3,9,5,1,12,6,91%,87%,4%
Lake, Junior,516809,Blue Jays,,RF,-2,-2,-1,-1,0,0,0,-2,70%,79%,-9%
Lamb, Jake,571875,---,,3B,-7,-9,5,-15,-3,3,-5,-4,69%,69%,0%
Laureano, Ramón,657656,Athletics,,CF,0,0,2,3,-2,-3,2,-2,88%,88%,0%
Lawrie, Brett,543434,White Sox,,2B,-3,-4,0,-1,-2,-1,-6,2,76%,78%,-2%
LeMahieu, DJ,518934,---,,2B,33,45,13,-1,31,2,20,25,79%,77%,2%
Lee, Dae-Ho,493193,Mariners,,1B,-3,-4,0,-4,0,0,-4,0,67%,70%,-3%
Lewis, Kyle,641786,Mariners,,CF,4,5,1,1,3,0,3,1,91%,88%,3%
Leyba, Domingo,642736,D-backs,,2B,0,0,0,1,0,0,-1,1,78%,78%,0%
Lin, Tzu-Wei,624407,Red Sox,,SS,-4,-5,-5,-1,1,0,-5,1,78%,80%,-2%
Lind, Adam,452252,---,,1B,-4,-5,2,-3,-2,-2,-6,1,75%,77%,-2%
Lindor, Francisco,596019,---,,SS,52,69,20,11,33,4,44,25,76%,73%,3%
Liriano, Rymer,542642,White Sox,,LF,1,1,0,0,0,0,0,0,100%,97%,3%
Locastro, Tim,641796,---,,CF,4,4,-1,4,1,0,2,3,87%,85%,2%
Loney, James,425766,Mets,,1B,1,1,3,-4,2,0,1,0,65%,64%,1%
Long Jr., Shed,643418,Mariners,,2B,-7,-8,1,-7,-1,-1,-4,-4,72%,76%,-4%
Longoria, Evan,446334,---,,3B,9,12,9,-14,15,2,12,0,73%,72%,1%
Lopes, Tim,621005,Mariners,,LF,-3,-3,-2,-1,-1,0,-1,-2,86%,89%,-3%
Lopez, Nicky,670032,Royals,,2B,4,5,6,1,1,-3,1,4,74%,74%,0%
Lorenzen, Michael,547179,Reds,,CF,2,2,1,1,1,0,2,0,93%,85%,8%
Lough, David,518953,Phillies,,RF,2,2,2,0,0,0,2,0,91%,85%,6%
Lowe, Brandon,664040,Rays,,2B,-7,-9,4,-13,3,-3,-10,1,75%,77%,-2%
Lowe, Nate,663993,---,,1B,-3,-4,1,-3,0,-1,-2,-2,65%,67%,-2%
Lowrie, Jed,476704,Athletics,,2B,0,0,8,-7,4,-5,-2,2,77%,77%,0%
Lucroy, Jonathan,518960,---,,1B,0,-1,0,-1,0,0,0,-1,50%,55%,-5%
Lugo, Dawel,608475,Tigers,,3B,-3,-3,3,-7,1,0,-3,-1,67%,68%,-1%
Luplow, Jordan,656669,---,,RF,-2,-2,0,-4,-2,4,-1,-1,85%,86%,-1%
Lux, Gavin,666158,Dodgers,,2B,5,6,2,0,3,1,4,2,79%,75%,4%
Machado, Dixon,553988,Tigers,,2B,1,2,-3,1,1,2,-1,2,80%,80%,0%
Machado, Manny,592518,---,,3B,-2,-3,16,-19,0,-1,10,-13,72%,72%,0%
Machín, Vimael,605353,Athletics,,SS,-2,-3,-2,0,0,0,-2,-1,64%,67%,-3%
Madrigal, Nick,663611,White Sox,,2B,3,4,-1,1,2,1,4,0,74%,71%,3%
Mahtook, Mikie,543484,---,,CF,0,0,1,-2,1,-1,2,-2,88%,89%,-1%
Mancini, Trey,641820,Orioles,,LF,-16,-17,2,-12,-5,-2,-13,-4,80%,82%,-2%
Margot, Manuel,622534,---,,CF,37,42,2,17,19,3,24,17,91%,88%,3%
Marisnick, Jake,545350,---,,CF,33,37,6,15,9,6,20,17,92%,88%,4%
Markakis, Nick,455976,Braves,,RF,-5,-6,4,-5,-8,3,-2,-4,86%,86%,0%
Marmolejos, José,592530,Mariners,,LF,-3,-3,0,-1,-2,-1,0,-3,73%,78%,-5%
Marrero, Chris,502029,Giants,,LF,1,1,0,1,0,0,0,1,100%,95%,5%
Marrero, Deven,571918,---,,3B,1,1,1,-1,0,1,3,-2,76%,75%,1%
Marte, Jefry,527043,Angels,,1B,-9,-11,-4,-7,1,-1,-7,-5,72%,75%,-3%
Marte, Ketel,606466,---,,SS,5,8,2,-18,19,5,4,4,79%,78%,1%
Marte, Starling,516782,---,,CF,15,17,4,6,10,-3,10,8,89%,87%,2%
Martin, Jason,641829,Pirates,,CF,0,0,1,0,-1,0,-1,1,81%,81%,0%
Martin, Leonys,547982,---,,CF,20,23,4,13,6,0,20,2,90%,87%,3%
Martin, Richie,621006,Orioles,,SS,-4,-5,0,-3,-1,-1,-6,1,72%,73%,-1%
Martin, Russell,431145,---,,3B,-1,-2,0,-1,0,-1,0,-1,72%,73%,-1%
Martinez, J.D.,502110,---,,RF,-24,-26,0,-6,-16,-5,-16,-11,83%,87%,-4%
Martinez, Michael,492841,---,,2B,-1,-2,0,-1,1,-2,-2,0,76%,77%,-1%
Martinez, Victor,400121,Tigers,,1B,0,-1,0,0,-1,0,0,0,67%,71%,-4%
Martini, Nick,605361,---,,LF,1,1,0,0,0,1,-1,2,91%,90%,1%
Martínez, José,500874,---,,RF,-24,-28,-4,-17,-5,-2,-9,-19,73%,79%,-6%
Mateo, Jorge,622761,Padres,,LF,2,2,1,0,0,1,1,0,83%,78%,5%
Mathias, Mark,664029,Brewers,,RF,0,0,1,-1,0,0,1,-1,90%,90%,0%
Mathisen, Wyatt,621500,D-backs,,3B,-1,-1,-2,0,2,0,-2,1,66%,69%,-3%
Maton, Nick,665155,Phillies,,2B,-2,-3,-2,-2,2,-1,-1,-1,77%,81%,-4%
Mauer, Joe,408045,Twins,,1B,18,23,4,18,4,-2,0,24,71%,68%,3%
May, Jacob,594576,White Sox,,CF,1,1,0,0,1,0,1,0,83%,79%,4%
Maybin, Cameron,457727,---,,CF,0,0,-1,-1,1,2,1,0,88%,88%,0%
Mayfield, Jack,608686,---,,SS,4,5,2,1,2,1,3,2,79%,74%,5%
Mazara, Nomar,608577,---,,RF,-10,-11,-1,-3,-4,-3,-8,-3,85%,86%,-1%
McBroom, Ryan,643436,Royals,,RF,-2,-3,1,-2,-1,0,-2,-1,75%,80%,-5%
McCormick, Chas,676801,Astros,,LF,1,1,0,0,0,1,1,0,93%,85%,8%
McCutchen, Andrew,457705,---,,CF,-28,-31,-2,-8,-16,-7,-13,-18,83%,86%,-3%
McGehee, Casey,431171,Tigers,,3B,2,2,1,1,1,-1,2,0,68%,65%,3%
McKinney, Billy,641856,---,,LF,-3,-4,0,-2,-1,0,-4,0,85%,86%,-1%
McKinstry, Zach,656716,Dodgers,,RF,0,0,0,-1,0,1,1,-1,83%,84%,-1%
McMahon, Ryan,641857,Rockies,,2B,2,3,4,-11,9,1,6,-3,76%,76%,0%
McNeil, Jeff,643446,Mets,,2B,3,4,4,-4,4,0,3,2,79%,78%,1%
Meadows, Austin,640457,---,,LF,-5,-6,4,0,-8,-1,-4,-2,84%,85%,-1%
Mejia, Alex,622270,Cardinals,,3B,2,2,0,1,1,0,1,1,81%,75%,6%
Mejia, Erick,625510,Royals,,CF,-1,-1,-1,0,1,0,0,-1,80%,82%,-2%
Mejias-Brean, Seth,623180,Padres,,3B,0,0,0,0,-1,0,0,0,84%,83%,1%
Mendick, Danny,664901,White Sox,,2B,1,2,5,-3,0,0,-2,3,81%,79%,2%
Mercado, Oscar,640458,Indians,,CF,5,5,1,4,2,-2,0,6,89%,88%,1%
Mercer, Jordy,474568,---,,SS,9,12,29,-19,-1,3,11,1,74%,73%,1%
Merrifield, Whit,593160,Royals,,2B,0,-1,1,-5,-1,3,-5,4,79%,79%,0%
Middlebrooks, Will,519025,---,,3B,2,3,2,-1,2,1,3,0,78%,73%,5%
Miller, Brad,543543,---,,SS,-24,-32,-13,-18,-3,1,-20,-13,73%,76%,-3%
Miller, Ian,641878,Twins,,CF,1,1,0,1,0,0,1,0,96%,90%,6%
Moncada, Yoán,660162,---,,2B,-11,-15,0,-11,-4,0,3,-18,74%,75%,-1%
Moncrief, Carlos,519037,Giants,,RF,0,1,0,0,0,0,0,0,92%,87%,5%
Mondesi, Adalberto,609275,Royals,,SS,14,19,1,4,10,3,9,10,73%,72%,1%
Moniak, Mickey,666160,Phillies,,CF,-1,-1,0,0,-1,-1,0,-1,90%,94%,-4%
Moore, Dylan,664238,Mariners,,2B,5,5,1,0,2,2,7,-2,83%,81%,2%
Moore, Tyler,489138,Marlins,,1B,3,3,0,1,2,0,1,2,77%,73%,4%
Morales, Kendrys,434778,---,,1B,2,3,2,2,-2,1,-1,4,71%,69%,2%
Moran, Colin,592567,---,,3B,-18,-24,-3,-17,-5,0,-18,-6,64%,67%,-3%
Moreland, Mitch,519048,---,,1B,7,10,6,3,0,1,6,3,75%,74%,1%
Moroff, Max,621559,---,,2B,2,2,-1,1,2,0,1,1,77%,76%,1%
Morrison, Logan,489149,---,,1B,-2,-3,1,-5,1,0,-8,6,74%,75%,-1%
Morse, Michael,434604,---,,1B,-1,-1,0,-1,0,0,-1,0,75%,86%,-11%
Moss, Brandon,461235,---,,LF,0,0,1,0,0,-1,-1,1,78%,78%,0%
Motter, Taylor,600301,---,,SS,-5,-6,0,-6,0,0,-2,-5,74%,77%,-3%
Mountcastle, Ryan,663624,Orioles,,LF,-3,-3,1,-2,1,-3,-4,0,79%,83%,-4%
Moustakas, Mike,519058,---,,3B,-2,-2,-3,-5,4,2,1,-3,71%,71%,0%
Moya, Steven,570615,Tigers,,RF,-4,-5,0,-2,-1,-1,-2,-3,80%,91%,-11%
Mullins, Cedric,656775,Orioles,,CF,9,10,0,7,3,1,9,1,92%,90%,2%
Muncy, Max,571970,---,,1B,-7,-10,-10,-4,8,-3,-8,-2,75%,76%,-1%
Murphy, Daniel,502517,---,,2B,-37,-49,-2,-43,-1,-3,-33,-16,70%,74%,-4%
Muñoz, Yairo,622168,---,,SS,-13,-17,-8,-3,-2,-3,-13,-4,73%,78%,-5%
Myers, Wil,571976,Padres,,1B,2,2,4,-7,5,0,4,-2,79%,79%,0%
Napoli, Mike,435063,---,,1B,1,1,4,-6,3,0,-1,2,74%,73%,1%
Naquin, Tyler,571980,---,,RF,-15,-17,-4,-9,-4,0,-9,-8,86%,88%,-2%
Nava, Daniel,537953,---,,LF,-5,-6,0,-4,-2,0,-1,-5,84%,87%,-3%
Navarro, Efren,519068,---,,1B,2,3,1,0,1,0,2,0,76%,69%,7%
Naylor, Josh,647304,---,,RF,-6,-6,-2,1,-2,-3,-3,-3,85%,88%,-3%
Negrón, Kristopher,502117,---,,SS,4,4,3,2,0,0,4,1,85%,80%,5%
Neuse, Sheldon,641914,---,,2B,2,2,0,1,1,0,1,2,77%,74%,3%
Newman, Kevin,621028,Pirates,,SS,-8,-11,-2,-6,-3,1,-4,-7,73%,75%,-2%
Ngoepe, Gift,547912,---,,2B,1,2,0,-1,1,1,0,1,86%,84%,2%
Nieuwenhuis, Kirk,543590,Brewers,,CF,0,0,-1,1,-1,0,-1,1,85%,85%,0%
Nimmo, Brandon,607043,Mets,,CF,6,7,4,0,2,1,4,3,90%,89%,1%
Nola, Austin,543592,Mariners,,1B,0,0,1,-2,1,0,-3,4,75%,75%,0%
Noll, Jake,669738,Nationals,,1B,-1,-1,0,-2,0,0,0,-1,72%,80%,-8%
Noonan, Nick,519082,Padres,,SS,-2,-3,-1,-1,-1,0,-2,-1,61%,70%,-9%
Núñez, Eduardo,456488,---,,3B,-20,-26,2,-14,-8,-7,-15,-10,70%,73%,-3%
Núñez, Renato,600524,---,,3B,-13,-18,-12,-8,3,0,-12,-5,67%,72%,-5%
O'Brien, Peter,598284,---,,LF,0,0,0,1,-1,0,0,0,76%,76%,0%
O'Grady, Brian,657434,---,,CF,0,0,0,0,0,0,0,0,82%,81%,1%
O'Hearn, Ryan,656811,Royals,,1B,-3,-4,2,-7,1,0,1,-5,71%,72%,-1%
O'Malley, Shawn,502523,Mariners,,SS,-4,-5,0,1,-4,-1,-4,-1,75%,78%,-3%
O'Neill, Tyler,641933,Cardinals,,LF,6,7,2,2,1,2,4,3,89%,86%,3%
Odor, Rougned,596059,---,,2B,18,24,4,-14,23,10,20,4,74%,73%,1%
Olivares, Edward,658668,---,,CF,-2,-2,-1,-2,2,-1,0,-2,84%,87%,-3%
Olivera, Héctor,493343,Braves,,LF,-1,-2,0,0,-1,0,-1,-1,70%,86%,-16%
Olson, Matt,621566,Athletics,,1B,13,18,0,18,-5,5,2,16,77%,76%,1%
Orf, Nate,644337,---,,2B,0,-1,0,-1,0,0,-1,1,77%,80%,-3%
Orlando, Paulo,449181,Royals,,RF,8,9,2,2,1,3,7,3,88%,85%,3%
Ortega, Rafael,542364,---,,LF,0,1,1,1,-2,0,1,0,85%,85%,0%
Osuna, José,591741,Pirates,,1B,-13,-14,-2,-5,-6,-2,-7,-8,73%,78%,-5%
Owings, Chris,572008,---,,SS,-11,-14,-3,-8,-3,0,-3,-12,77%,79%,-2%
Ozuna, Marcell,542303,---,,LF,-8,-9,0,-6,-4,0,-8,-1,86%,87%,-1%
Pache, Cristian,665506,Braves,,CF,2,2,1,0,1,0,1,1,93%,90%,3%
Pacheco, Jordan,457574,Reds,,3B,-1,-2,0,-2,0,0,-2,0,50%,61%,-11%
Pagán, Ángel,434636,Giants,,LF,-3,-3,-2,-1,-1,-1,-5,2,85%,86%,-1%
Palka, Daniel,594953,White Sox,,RF,-15,-17,-5,-5,-3,-3,-12,-4,76%,86%,-10%
Panik, Joe,605412,---,,2B,9,11,3,-9,17,0,3,8,76%,76%,0%
Paredes, Isaac,670623,Tigers,,3B,-3,-4,-2,-1,0,-1,-3,0,67%,71%,-4%
Paredes, Jimmy,517370,---,,RF,-3,-4,0,-1,-2,-1,-2,-2,84%,89%,-5%
Park, ByungHo,666560,Twins,,1B,3,5,3,1,1,0,2,2,76%,67%,9%
Parker, Jarrett,592620,---,,LF,-3,-4,1,-2,-3,-1,-3,0,84%,86%,-2%
Parra, Gerardo,467827,---,,LF,1,1,9,-3,-2,-3,2,0,84%,84%,0%
Paulsen, Ben,572019,Rockies,,1B,-2,-2,1,-3,1,-1,-3,1,67%,71%,-4%
Pearce, Steve,456665,---,,1B,-8,-9,1,-7,-3,0,-2,-7,77%,79%,-2%
Pederson, Joc,592626,---,,CF,-20,-24,-3,-4,-16,0,-8,-15,84%,87%,-3%
Pedroia, Dustin,456030,Red Sox,,2B,-5,-6,-1,-9,4,0,-7,1,78%,79%,-1%
Pena, Ramiro,455369,Giants,,2B,-1,-2,0,0,-2,0,-1,-1,73%,75%,-2%
Pence, Hunter,452254,---,,RF,-9,-10,3,-4,-8,-1,-7,-3,87%,88%,-1%
Pennington, Cliff,460060,---,,2B,-2,-2,-3,0,3,-2,-3,1,76%,77%,-1%
Peralta, David,444482,D-backs,,LF,3,3,6,-3,-1,1,-2,5,87%,86%,1%
Peralta, Jhonny,425509,Cardinals,,3B,-1,-1,-3,1,2,-2,-1,0,66%,66%,0%
Peraza, José,606299,---,,SS,13,18,11,2,5,0,10,8,76%,75%,1%
Perdomo, Geraldo,672695,D-backs,,SS,-1,-1,0,-1,0,0,-2,0,77%,87%,-10%
Perkins, Cameron,573088,Phillies,,LF,-1,-1,0,-1,0,0,-1,0,84%,86%,-2%
Peterson, Dustin,640460,Tigers,,LF,0,0,0,1,-1,0,0,-1,70%,71%,-1%
Peterson, Jace,607054,---,,2B,-3,-4,2,-2,-1,-4,-12,7,78%,78%,0%
Peterson, Shane,451089,Rays,,LF,0,0,1,-1,-1,0,0,0,82%,82%,0%
Petit, Gregorio,463610,---,,2B,0,0,2,-2,-1,0,-1,1,74%,74%,0%
Pham, Tommy,502054,---,,LF,-7,-8,-5,-7,0,4,-4,-3,85%,86%,-1%
Phillips, Brandon,408252,---,,2B,-17,-22,-6,-20,5,0,-17,-6,75%,78%,-3%
Phillips, Brett,621433,---,,CF,11,13,1,7,5,-1,8,4,92%,87%,5%
Pillar, Kevin,607680,---,,CF,10,11,-1,10,5,-5,9,2,87%,87%,0%
Pinder, Chad,640461,Athletics,,2B,-2,-4,-2,-2,-2,2,-7,2,82%,82%,0%
Pirela, Jose,517369,---,,2B,-2,-2,1,-4,2,-1,-2,0,78%,78%,0%
Piscotty, Stephen,572039,---,,RF,0,0,9,-10,-3,6,4,-3,88%,88%,0%
Plawecki, Kevin,608700,---,,1B,0,0,0,0,0,0,0,0,100%,97%,3%
Plouffe, Trevor,461858,---,,3B,-3,-4,-4,-2,3,-1,0,-4,66%,67%,-1%
Polanco, Gregory,570256,Pirates,,RF,-3,-3,5,2,-6,-4,4,-7,86%,86%,0%
Polanco, Jorge,593871,Twins,,SS,-21,-29,-4,-22,-4,2,-28,-1,73%,75%,-2%
Pollock, AJ,572041,---,,CF,0,0,2,0,-3,0,1,-2,87%,87%,0%
Posey, Buster,457763,Giants,,1B,0,0,-1,1,0,0,0,1,78%,78%,0%
Powell, Boog,621471,---,,CF,0,0,0,1,0,0,-1,1,93%,93%,0%
Prado, Martín,445988,Marlins,,3B,3,4,12,-7,-1,0,0,3,69%,68%,1%
Presley, Alex,502100,---,,RF,-2,-2,2,-1,1,-4,0,-3,88%,89%,-1%
Profar, Jurickson,595777,---,,2B,-12,-16,-6,-11,-3,3,-17,1,74%,75%,-1%
Puello, César,527049,---,,CF,2,3,0,1,1,0,0,3,94%,92%,2%
Puig, Yasiel,624577,---,,RF,-2,-3,1,0,-7,1,5,-8,86%,86%,0%
Pujols, Albert,405395,Angels,,1B,-8,-10,-2,-5,-2,-1,-8,-2,69%,71%,-2%
Pérez, Hernán,541650,---,,3B,5,7,-4,4,7,1,4,3,78%,77%,1%
Quinn, Roman,596451,Phillies,,CF,6,7,3,2,1,1,2,5,90%,88%,2%
Raburn, Ryan,430605,---,,LF,-4,-4,-1,-1,-1,0,-2,-2,81%,85%,-4%
Raley, Luke,670042,Dodgers,,RF,0,0,0,0,0,0,0,0,100%,99%,1%
Ramirez, Alexei,493351,---,,SS,-10,-14,0,-10,-4,0,-9,-5,66%,68%,-2%
Ramirez, Hanley,434670,Red Sox,,1B,2,3,3,-1,1,0,4,-1,69%,68%,1%
Ramirez, Harold,623912,---,,LF,-4,-4,0,1,-3,-2,-4,0,87%,89%,-2%
Ramírez, José,608070,Indians,,3B,14,19,14,-13,14,4,17,3,72%,71%,1%
Rasmus, Colby,458675,---,,LF,2,2,-1,-2,1,3,1,1,86%,85%,1%
Ravelo, Rangel,592660,Cardinals,,1B,-1,-1,0,0,-1,0,0,0,67%,70%,-3%
Realmuto, J.T.,592663,---,,1B,1,1,1,0,0,0,0,1,74%,72%,2%
Reddick, Josh,502210,---,,RF,6,7,14,-5,-3,1,4,3,88%,88%,0%
Reed, AJ,607223,---,,1B,1,1,0,3,-1,0,0,1,74%,71%,3%
Reed, Michael,605439,---,,CF,1,1,0,0,0,1,0,1,91%,86%,5%
Refsnyder, Rob,608701,---,,2B,-3,-4,-2,-2,0,0,0,-4,75%,77%,-2%
Reimold, Nolan,460099,Orioles,,LF,-2,-2,1,-2,-1,0,0,-2,87%,89%,-2%
Reinheimer, Jack,595373,---,,SS,1,1,1,0,0,0,1,0,80%,76%,4%
Renda, Tony,573113,Reds,,2B,1,1,0,1,1,0,2,-1,81%,78%,3%
Rendon, Anthony,543685,---,,3B,13,18,32,-1,-14,0,20,-2,72%,71%,1%
Renfroe, Hunter,592669,---,,RF,4,5,7,1,-2,-1,10,-5,86%,85%,1%
Rengifo, Luis,650859,Angels,,2B,-3,-4,-4,-4,1,3,2,-6,75%,76%,-1%
Revere, Ben,519184,---,,LF,5,6,2,0,1,3,2,4,90%,88%,2%
Reyes, Franmil,614177,---,,RF,-6,-6,4,-4,-5,0,0,-7,86%,88%,-2%
Reyes, José,408314,Mets,,SS,-15,-20,0,-10,-7,-3,-14,-6,67%,70%,-3%
Reyes, Pablo,622569,---,,RF,1,2,2,1,0,-1,2,0,81%,79%,2%
Reyes, Victor,622682,Tigers,,CF,2,2,1,2,0,0,3,-1,90%,89%,1%
Reynolds, Bryan,668804,Pirates,,LF,4,5,2,2,0,0,2,2,89%,87%,2%
Reynolds, Mark,448602,---,,1B,-6,-7,1,-11,2,1,-1,-6,70%,71%,-1%
Reynolds, Matt,608703,---,,SS,1,1,1,1,-1,1,2,-1,77%,76%,1%
Rickard, Joey,572073,---,,RF,12,13,1,5,8,-1,12,1,89%,87%,2%
Riddle, JT,595375,---,,SS,3,5,2,9,-8,1,6,-2,77%,76%,1%
Riley, Austin,663586,Braves,,3B,-5,-6,4,-8,-1,-1,-3,-3,71%,73%,-2%
Rivera, T.J.,608061,Mets,,3B,-1,-2,0,0,-1,-1,-3,1,73%,73%,0%
Rivera, Yadiel,592680,---,,3B,5,7,4,2,0,0,4,3,75%,72%,3%
Rizzo, Anthony,519203,Cubs,,1B,15,19,5,0,17,-2,4,15,75%,73%,2%
Robert, Luis,673357,White Sox,,CF,7,8,1,4,5,-2,5,3,93%,89%,4%
Robertson, Daniel,621002,---,,2B,7,9,-3,-5,14,4,6,4,78%,77%,1%
Robertson, Daniel,543706,---,,LF,-1,-2,-1,1,-1,0,-1,-1,82%,85%,-3%
Robinson, Clint,519208,Nationals,,1B,0,0,2,0,-1,0,1,-1,66%,66%,0%
Robinson, Drew,592685,---,,CF,-3,-4,-2,-2,-1,1,-4,1,82%,83%,-1%
Robinson, Shane,453203,---,,LF,9,10,5,2,3,0,5,6,91%,84%,7%
Robles, Victor,645302,Nationals,,CF,24,27,7,9,7,4,18,9,93%,89%,4%
Rodgers, Brendan,663898,Rockies,,2B,-3,-5,-3,-2,0,0,-4,0,76%,81%,-5%
Rodríguez, Ronny,500135,Tigers,,SS,-2,-3,-1,-7,4,2,-8,5,71%,71%,0%
Rodríguez, Sean,446481,---,,2B,4,4,-4,0,10,-2,5,-1,76%,75%,1%
Rojas, Jose,670351,Angels,,3B,1,1,1,-1,1,0,0,1,74%,72%,2%
Rojas, Josh,668942,D-backs,,LF,1,1,-3,3,0,0,0,1,81%,80%,1%
Rojas, Miguel,500743,Marlins,,SS,12,16,10,-8,11,2,19,-3,77%,76%,1%
Rollins, Jimmy,276519,White Sox,,SS,1,1,1,0,1,0,1,0,73%,72%,1%
Romine, Andrew,461865,---,,SS,-1,0,0,-1,-1,2,-1,1,76%,76%,0%
Romine, Austin,519222,---,,1B,0,1,0,0,0,0,1,0,70%,68%,2%
Rondón, José,602922,---,,SS,-3,-3,-3,-1,0,1,-7,3,69%,70%,-1%
Rooker, Brent,667670,Twins,,RF,-2,-2,0,-2,-1,1,-2,0,70%,81%,-11%
Rosales, Adam,489267,---,,SS,1,1,-3,-5,8,1,-1,2,75%,75%,0%
Rosario, Amed,642708,---,,SS,-20,-27,-11,-11,-5,0,-16,-11,72%,74%,-2%
Rosario, Eddie,592696,---,,LF,-16,-17,3,-5,-12,-4,-15,-3,85%,86%,-1%
Rua, Ryan,607387,Rangers,,LF,4,4,-1,2,0,2,2,2,86%,85%,1%
Ruf, Darin,573131,---,,LF,-1,-1,0,-1,-1,0,-4,3,78%,79%,-1%
Ruggiano, Justin,448605,---,,RF,-2,-2,-1,-2,0,0,-2,-1,79%,83%,-4%
Ruiz, Rio,547004,---,,3B,-2,-3,-8,-1,6,-1,-10,7,70%,71%,-1%
Russell, Addison,608365,Cubs,,SS,46,61,7,22,24,8,45,16,78%,75%,3%
Rutledge, Josh,592710,Red Sox,,3B,-1,-1,-2,0,1,0,-2,1,67%,68%,-1%
Ryan, Brendan,453895,Angels,,SS,0,0,0,0,0,0,0,0,89%,87%,2%
Ríos, Edwin,621458,Dodgers,,3B,0,0,1,1,-2,0,-2,1,74%,74%,0%
Saladino, Tyler,573135,---,,SS,9,11,4,5,-2,3,7,5,78%,76%,2%
Saltalamacchia, Jarrod,457454,Tigers,,1B,-1,-1,-1,0,-1,0,0,-2,76%,83%,-7%
Sanchez, Adrián,506703,Nationals,,2B,1,1,-2,1,1,1,1,0,73%,72%,1%
Sandoval, Pablo,467055,---,,3B,-8,-11,-7,-5,2,-1,-8,-2,67%,70%,-3%
Santana, Carlos,467793,---,,1B,14,19,8,-5,17,-1,0,19,76%,75%,1%
Santana, Danny,542454,---,,CF,0,0,1,-5,7,-2,0,0,82%,82%,0%
Santana, Domingo,570267,---,,RF,-24,-26,-5,-12,-6,-3,-14,-13,83%,86%,-3%
Santander, Anthony,623993,Orioles,,RF,0,0,-1,0,-3,4,-1,1,90%,90%,0%
Sanó, Miguel,593934,Twins,,3B,-18,-24,-3,-16,-7,2,-15,-9,72%,74%,-2%
Sardiñas, Luis,596143,---,,SS,-8,-11,-4,-5,-3,0,-9,-2,71%,75%,-4%
Saunders, Michael,459431,---,,LF,-3,-3,2,1,-3,-3,-4,0,87%,88%,-1%
Schafer, Logan,502582,Twins,,LF,0,0,0,0,-1,0,1,-1,88%,88%,0%
Schebler, Scott,594988,---,,RF,2,3,1,0,1,0,10,-7,87%,87%,0%
Schimpf, Ryan,572114,---,,2B,-4,-6,3,-11,2,0,1,-7,73%,74%,-1%
Schoop, Jonathan,570731,---,,2B,18,24,15,-5,12,3,15,10,76%,75%,1%
Schrock, Max,621011,---,,3B,0,0,0,0,0,0,0,0,78%,76%,2%
Schwarber, Kyle,656941,---,,LF,-30,-33,-4,-16,-9,-4,-18,-15,82%,86%,-4%
Scruggs, Xavier,489305,Marlins,,1B,1,1,1,0,0,0,0,1,79%,76%,3%
Seager, Corey,608369,Dodgers,,SS,-7,-9,-13,-8,10,3,-7,-2,77%,78%,-1%
Seager, Kyle,572122,Mariners,,3B,17,23,15,-2,10,-1,26,-3,71%,70%,1%
Segedin, Rob,574847,Dodgers,,1B,-2,-2,1,-2,-1,-1,-1,-1,74%,79%,-5%
Segura, Jean,516416,---,,SS,10,13,5,-4,7,5,6,7,75%,74%,1%
Selsky, Steve,592731,---,,RF,0,0,0,1,0,-1,0,0,89%,90%,-1%
Semien, Marcus,543760,---,,SS,-17,-22,14,-41,-1,5,-15,-7,76%,77%,-1%
Senzel, Nick,669222,Reds,,CF,3,3,4,2,-3,0,1,3,88%,87%,1%
Shaffer, Richie,572128,Rays,,1B,0,0,0,0,0,0,-1,1,77%,76%,1%
Shaw, Chris,622046,Giants,,LF,-1,-2,-1,-1,0,0,-1,-1,76%,83%,-7%
Shaw, Travis,543768,---,,3B,5,7,-4,-8,18,2,4,3,74%,74%,0%
Shuck, JB,543776,---,,CF,-8,-8,-3,-1,-4,-1,-7,-2,85%,89%,-4%
Sierra, Magneuris,642423,---,,CF,2,2,0,-1,2,1,0,2,91%,90%,1%
Sierra, Moisés,501213,Nationals,,LF,1,2,0,1,1,0,1,0,100%,90%,10%
Simmons, Andrelton,592743,---,,SS,54,72,30,-5,39,9,58,14,78%,74%,4%
Skole, Matt,605474,White Sox,,1B,-1,-2,0,-2,0,0,-1,-1,50%,66%,-16%
Slater, Austin,596103,Giants,,RF,-1,-2,3,1,-6,0,2,-4,82%,83%,-1%
Smith Jr., Dwight,596105,---,,LF,-14,-15,-1,-5,-7,-2,-12,-3,79%,84%,-5%
Smith, Dominic,642086,Mets,,1B,-16,-20,-1,-10,-6,-3,-8,-12,74%,80%,-6%
Smith, Mallex,605480,---,,CF,9,10,-2,0,8,3,13,-3,89%,87%,2%
Smith, Pavin,656976,D-backs,,RF,2,2,0,1,1,0,1,1,82%,80%,2%
Smith, Seth,452234,---,,RF,-6,-7,-1,-4,-4,2,1,-8,81%,83%,-2%
Smith, Tyler,642094,Mariners,,SS,1,1,1,0,0,0,1,0,81%,77%,4%
Smoak, Justin,475253,---,,1B,1,1,9,-10,2,-1,-1,2,72%,72%,0%
Smolinski, Jake,519295,Athletics,,CF,4,4,0,2,4,-1,3,2,89%,88%,1%
Snyder, Brandon,474319,---,,3B,0,0,0,0,0,0,0,0,65%,65%,0%
Sogard, Eric,519299,---,,2B,8,11,4,0,5,2,8,2,76%,75%,1%
Solak, Nick,669256,Rangers,,2B,-11,-14,0,-8,-4,-1,-10,-4,70%,75%,-5%
Solano, Donovan,456781,---,,2B,-3,-4,1,-3,-1,0,-3,-1,75%,76%,-1%
Solarte, Yangervis,500208,---,,3B,3,4,3,-4,7,-2,-1,5,72%,71%,1%
Soler, Jorge,624585,---,,RF,-10,-11,2,-5,-7,-1,-6,-5,82%,85%,-3%
Sosa, Edmundo,624641,Cardinals,,SS,1,2,0,1,1,0,1,0,100%,88%,12%
Soto, Juan,665742,Nationals,,LF,0,0,1,-3,0,1,-6,6,86%,86%,0%
Souza Jr., Steven,519306,---,,RF,12,13,5,1,4,3,13,0,87%,85%,2%
Span, Denard,452655,---,,CF,-15,-17,-1,-5,-11,0,-13,-4,84%,86%,-2%
Spangenberg, Cory,605486,---,,3B,-1,-2,-8,-7,11,2,-2,1,74%,75%,-1%
Springer, George,543807,Astros,,RF,8,9,4,0,2,3,10,-1,88%,87%,1%
Stamets, Eric,608715,Indians,,SS,1,1,-1,0,2,1,1,0,76%,73%,3%
Stanton, Giancarlo,519317,---,,RF,4,5,4,-3,4,0,8,-3,86%,85%,1%
Starling, Bubba,605490,Royals,,CF,1,1,2,-1,1,0,-1,2,90%,90%,0%
Stassi, Brock,595426,Phillies,,1B,2,2,0,1,1,0,0,2,94%,87%,7%
Stevenson, Andrew,664057,Nationals,,LF,2,2,0,0,1,1,2,0,90%,88%,2%
Stewart, Christin,621514,Tigers,,LF,-7,-8,1,-4,-2,-3,-7,0,81%,84%,-3%
Stewart, DJ,621466,Orioles,,RF,-4,-4,-1,-1,-1,0,0,-4,85%,87%,-2%
Story, Trevor,596115,Rockies,,SS,22,29,22,-11,18,-1,25,4,77%,76%,1%
Strange-Gordon, Dee,543829,---,,2B,-13,-17,0,-14,-3,0,-11,-7,77%,78%,-1%
Straw, Myles,664702,Astros,,CF,4,4,1,5,1,-2,1,4,89%,87%,2%
Stubbs, Drew,453211,---,,CF,0,0,0,1,0,-1,-1,1,82%,82%,0%
Suzuki, Ichiro,400085,---,,RF,0,0,1,0,-1,-1,1,-1,85%,85%,0%
Suárez, Eugenio,553993,Reds,,3B,-3,-4,0,-19,17,-2,3,-7,71%,71%,0%
Swanson, Dansby,621020,Braves,,SS,1,1,10,-14,2,3,-7,8,75%,75%,0%
Swihart, Blake,596119,---,,LF,-2,-2,0,-1,0,-1,-3,0,83%,85%,-2%
Szczur, Matt,519333,---,,LF,2,3,1,2,-1,0,2,0,91%,90%,1%
Sánchez, Jesús,660821,Marlins,,RF,0,0,1,-1,0,0,0,0,84%,85%,-1%
Sánchez, Yolmer,570560,White Sox,,2B,11,14,8,-10,11,5,10,4,76%,75%,1%
Taijeron, Travis,607369,Mets,,RF,-1,-1,1,-1,-2,0,-1,0,75%,81%,-6%
Tapia, Raimel,606132,Rockies,,LF,5,5,6,1,-1,-1,-1,6,85%,84%,1%
Tatis Jr., Fernando,665487,Padres,,SS,-9,-12,-12,-2,-1,3,-11,-1,70%,72%,-2%
Tauchman, Mike,643565,---,,LF,10,11,3,2,3,2,4,7,90%,86%,4%
Taveras, Leody,665750,Rangers,,CF,-1,-1,-1,-1,1,0,0,-1,88%,89%,-1%
Taylor, Chris,621035,---,,SS,3,3,5,-4,3,-1,0,3,82%,82%,0%
Taylor, Michael A.,572191,---,,CF,23,26,1,15,10,-1,11,15,91%,88%,3%
Taylor, Tyrone,621438,Brewers,,RF,2,2,0,0,2,0,1,1,96%,91%,5%
Teixeira, Mark,407893,Yankees,,1B,1,2,2,-1,1,0,1,1,70%,69%,1%
Tejada, Rubén,514913,---,,SS,-2,-3,-2,-2,2,-1,-2,-1,71%,72%,-1%
Tejeda, Anderson,660731,Rangers,,SS,0,0,-1,0,0,1,2,-2,73%,73%,0%
Telis, Tomás,542513,Marlins,,1B,-1,-2,1,-3,0,0,0,-2,68%,72%,-4%
Tellez, Rowdy,642133,Blue Jays,,1B,-6,-8,-2,-4,-1,0,-2,-5,69%,73%,-4%
Thaiss, Matt,642136,Angels,,3B,-5,-7,-3,-3,-1,-1,-6,-1,72%,78%,-6%
Thames, Eric,519346,---,,1B,-3,-3,5,-11,6,-3,-2,-1,75%,75%,0%
Thomas, Lane,657041,Cardinals,,CF,0,0,0,-1,1,0,0,0,83%,82%,1%
Thompson, Trayce,572204,---,,CF,-6,-6,-4,2,-1,-3,1,-7,84%,87%,-3%
Tilson, Charlie,605508,White Sox,,LF,-5,-6,-1,-2,-4,1,-2,-4,81%,84%,-3%
Tocci, Carlos,624636,Rangers,,CF,3,4,0,3,1,-1,3,1,92%,89%,3%
Toles, Andrew,592808,Dodgers,,LF,5,6,2,2,3,0,6,0,89%,84%,5%
Tom, Ka'ai,664789,---,,LF,-1,-1,-1,-1,0,0,-1,0,81%,88%,-7%
Tomlinson, Kelby,605509,Giants,,2B,4,5,2,2,1,0,4,1,76%,74%,2%
Tomás, Yasmany,630111,D-backs,,RF,-17,-19,0,-6,-10,-1,-12,-6,79%,85%,-6%
Toro, Abraham,647351,Astros,,3B,2,2,2,1,-1,0,2,0,73%,71%,2%
Torres, Gleyber,650402,Yankees,,SS,-15,-20,-3,-20,3,0,-10,-10,76%,78%,-2%
Torres, Ramón,593527,Royals,,2B,1,1,0,0,1,0,1,0,77%,76%,1%
Torreyes, Ronald,591720,---,,2B,1,1,7,-6,0,1,-1,2,75%,74%,1%
Tovar, Wilfredo,541600,Angels,,SS,1,1,1,0,0,0,2,-1,75%,74%,1%
Trahan, Blake,664167,Reds,,SS,0,0,0,0,0,0,1,-1,70%,68%,2%
Trammell, Taylor,666211,Mariners,,CF,0,0,0,1,0,-1,-1,0,95%,95%,0%
Travis, Devon,581527,Blue Jays,,2B,-10,-14,4,-13,-8,3,-12,-2,77%,78%,-1%
Travis, Sam,607752,Red Sox,,1B,-3,-3,-1,-1,0,-1,-1,-2,77%,80%,-3%
Trout, Mike,545361,Angels,,CF,-6,-7,-6,3,-6,2,-7,0,88%,89%,-1%
Trumbo, Mark,444432,Orioles,,RF,-25,-27,-2,-8,-13,-4,-18,-10,80%,89%,-9%
Tsutsugo, Yoshi,660294,Rays,,3B,-1,-1,0,0,-2,0,-1,-1,68%,70%,-2%
Tucker, Cole,657061,Pirates,,SS,-2,-3,1,-4,1,-1,2,-4,74%,75%,-1%
Tucker, Kyle,663656,Astros,,LF,7,8,2,1,2,2,3,5,93%,89%,4%
Tucker, Preston,605512,---,,LF,-6,-6,-2,-1,-4,0,-1,-6,80%,87%,-7%
Tulowitzki, Troy,453064,---,,SS,-2,-2,4,-6,0,0,1,-3,77%,77%,0%
Turner, Justin,457759,Dodgers,,3B,1,1,-4,-6,12,-1,5,-3,73%,73%,0%
Turner, Trea,607208,Nationals,,SS,13,17,3,-1,15,0,10,7,76%,75%,1%
Upton, B.J.,425834,---,,LF,2,2,1,1,-2,2,-2,4,91%,90%,1%
Upton, Justin,457708,---,,LF,-22,-25,-1,-7,-9,-8,-14,-11,86%,88%,-2%
Ureña, Richard,620446,Blue Jays,,SS,-4,-5,-2,1,-4,0,-4,-1,77%,79%,-2%
Uribe, Juan,346874,Indians,,3B,1,2,1,-1,2,0,-1,3,72%,71%,1%
Urshela, Gio,570482,---,,3B,-8,-11,1,-6,-3,-2,-7,-4,71%,72%,-1%
Urías, Luis,649966,---,,SS,-2,-2,-1,-6,2,1,-4,2,74%,75%,-1%
Urías, Ramón,602104,Orioles,,2B,-1,-2,-2,0,0,0,0,-2,74%,75%,-1%
Utley, Chase,400284,Dodgers,,2B,-9,-12,-5,-10,2,1,-5,-8,76%,78%,-2%
Valaika, Pat,642162,---,,SS,-5,-6,-1,-2,-1,-2,-9,3,74%,75%,-1%
Valbuena, Luis,472528,---,,3B,-4,-5,6,-11,1,0,-4,-1,67%,68%,-1%
Valencia, Danny,502143,---,,3B,-11,-14,3,-8,-8,-1,-10,-4,73%,75%,-2%
Valentín, Jesmuel,621044,Phillies,,3B,-2,-3,-1,-1,-1,0,-2,-1,65%,71%,-6%
Valera, Breyvic,591971,---,,2B,0,0,0,-2,1,1,0,0,82%,83%,-1%
Van Slyke, Scott,475100,Dodgers,,LF,0,-1,-1,1,-1,1,1,-1,85%,86%,-1%
VanMeter, Josh,642165,---,,2B,-4,-5,2,-6,0,-1,-3,-2,80%,82%,-2%
Vargas, Ildemaro,545121,---,,2B,2,3,-2,0,4,1,2,1,76%,74%,2%
Vargas, Kennys,573627,Twins,,1B,2,3,2,-1,2,0,3,1,72%,70%,2%
Varsho, Daulton,662139,D-backs,,CF,1,2,0,2,0,-1,2,-1,91%,89%,2%
Vaughn, Andrew,683734,White Sox,,LF,0,0,0,0,0,0,0,0,88%,87%,1%
Velazquez, Andrew,623205,---,,SS,2,2,1,1,0,1,1,1,83%,82%,1%
Verdugo, Alex,657077,---,,CF,0,0,3,-1,-1,-2,-3,3,89%,89%,0%
Villanueva, Christian,570799,Padres,,3B,1,1,-3,1,3,0,2,-1,73%,73%,0%
Villar, Jonathan,542340,---,,2B,-33,-43,-26,-13,-6,2,-30,-13,75%,77%,-2%
Vincej, Zach,572227,---,,SS,-1,-2,-2,0,0,0,-2,0,75%,88%,-13%
Vogelbach, Daniel,596129,---,,1B,-5,-7,-3,-4,-1,0,-3,-4,67%,71%,-4%
Vogt, Stephen,519390,---,,LF,-1,-1,-1,0,0,0,-1,0,79%,84%,-5%
Voit, Luke,572228,---,,1B,-14,-19,-4,-13,-1,0,-10,-9,65%,70%,-5%
Votto, Joey,458015,Reds,,1B,-7,-9,4,-21,10,-1,2,-10,73%,74%,-1%
Vázquez, Christian,543877,Red Sox,,1B,0,0,-1,0,1,0,0,0,83%,84%,-1%
Wade Jr, LaMonte,664774,---,,CF,-4,-4,-2,0,-2,-1,-3,-1,77%,84%,-7%
Wade, Tyler,642180,Yankees,,2B,1,3,0,2,0,0,2,0,79%,78%,1%
Walker, Christian,572233,D-backs,,1B,12,16,2,10,3,1,0,17,76%,73%,3%
Walker, Neil,435522,---,,2B,-9,-11,-4,-5,-2,-1,-7,-5,75%,76%,-1%
Wallace, Brett,477165,Padres,,3B,-4,-5,-2,0,-2,-2,-1,-3,61%,66%,-5%
Walsh, Colin,595023,Brewers,,3B,0,0,1,-1,-1,0,0,0,74%,76%,-2%
Walsh, Jared,665120,Angels,,1B,-1,-1,0,-1,2,-1,-2,1,71%,71%,0%
Walton, Donovan,622268,Mariners,,SS,0,0,0,0,0,0,1,-1,78%,78%,0%
Ward, Taylor,621493,Angels,,3B,-7,-9,-5,-6,0,1,-9,-1,72%,76%,-4%
Weeks Jr., Rickie,430001,---,,LF,-7,-7,-2,-2,-3,-1,-4,-3,74%,84%,-10%
Weeks, Jemile,457789,Padres,,2B,3,4,1,1,0,2,1,2,88%,81%,7%
Wendle, Joey,621563,---,,2B,13,17,0,2,13,3,9,8,80%,78%,2%
Werth, Jayson,150029,Nationals,,LF,-9,-10,1,-5,-6,1,-7,-3,81%,84%,-3%
White, Eli,642201,Rangers,,LF,1,1,0,1,0,0,1,1,91%,89%,2%
White, Evan,657108,Mariners,,1B,6,8,1,5,0,1,3,5,78%,73%,5%
White, Tyler,643603,---,,1B,1,1,2,-3,2,0,1,0,70%,69%,1%
Wilkerson, Stevie,592859,Orioles,,CF,-5,-6,-1,-1,-5,0,-5,-1,87%,89%,-2%
Williams, Justin,642211,---,,RF,-1,-1,0,-1,0,-1,-1,0,84%,87%,-3%
Williams, Mason,592863,---,,CF,-2,-2,0,-2,0,-1,0,-2,81%,83%,-2%
Williams, Nick,608384,---,,RF,-15,-17,0,-6,-8,-3,-5,-12,79%,84%,-5%
Williamson, Mac,607776,---,,LF,1,1,2,1,-1,-1,1,0,90%,89%,1%
Winker, Jesse,608385,Reds,,LF,-14,-16,-3,-8,-6,1,-9,-7,85%,89%,-4%
Wisdom, Patrick,621550,---,,3B,-1,-1,-1,-1,1,0,0,-1,58%,61%,-3%
Wolters, Tony,547172,Rockies,,2B,1,1,0,0,0,0,0,2,86%,81%,5%
Wong, Kean,642221,---,,2B,0,0,0,-1,0,0,0,-1,80%,83%,-3%
Wong, Kolten,543939,---,,2B,22,29,1,7,11,10,13,16,80%,78%,2%
Worth, Danny,519445,Astros,,3B,1,2,0,0,2,-1,2,0,69%,64%,5%
Wright, David,431151,Mets,,3B,-10,-13,-3,-6,-4,0,-9,-4,57%,69%,-12%
Yastrzemski, Mike,573262,Giants,,RF,1,1,1,2,-1,-2,3,-2,87%,87%,0%
Yelich, Christian,592885,---,,CF,3,4,0,-4,-3,11,-7,10,87%,86%,1%
Young Jr., Eric,458913,---,,CF,3,3,0,2,1,0,1,2,89%,86%,3%
Young, Andrew,670370,D-backs,,2B,-4,-4,0,-3,-1,-1,-3,-2,39%,73%,-34%
Young, Chris,455759,---,,LF,-6,-7,-1,-2,-3,-1,-4,-2,84%,87%,-3%
Zagunis, Mark,657145,Cubs,,RF,0,0,0,0,0,0,0,-1,82%,85%,-3%
Zimmer, Bradley,605548,Indians,,CF,-1,-1,-5,1,3,0,0,-1,87%,87%,0%
Zimmerman, Ryan,475582,Nationals,,1B,3,4,-2,3,4,1,2,3,76%,75%,1%
Zobrist, Ben,450314,Cubs,,2B,-8,-11,-3,-5,-3,0,-8,-2,81%,82%,-1%
d'Arnaud, Chase,488818,---,,2B,3,4,2,-2,3,1,1,4,76%,75%,1%
d'Arnaud, Travis,518595,---,,1B,0,0,-1,0,1,0,0,-1,56%,57%,-1%
den Dekker, Matthew,544925,---,,CF,1,1,2,-1,0,0,0,2,90%,88%,2%
Álvarez, Pedro,476883,Orioles,,3B,-2,-2,-2,-2,1,0,-1,-2,54%,60%,-6%